<?xml version="1.0"?>
<rss version="2.0" xmlns:atom="http://www.w3.org/2005/Atom">
  <channel>
    <title>JBake</title>
    <link>http://btequipment.dk/</link>
    <atom:link href="http://btequipment.dk//feed.xml" rel="self" type="application/rss+xml" />
    <description>JBake Bootstrap Template</description>
    <language>en-gb</language>
    <pubDate>fr, 10 nov. 2017 20:26:40 +0100</pubDate>
    <lastBuildDate>fr, 10 nov. 2017 20:26:40 +0100</lastBuildDate>

    <item>
      <title>BTE Installs 3 stand alone mini tensile machines at ABENA production facility in Aabenraa.</title>
      <link>http://btequipment.dk//news/news-1.html</link>
      <pubDate>on, 8 nov. 2017 00:00:00 +0100</pubDate>
      <guid isPermaLink="false">news/news-1.html</guid>
      	<description>
	
&lt;p&gt;BTE Installs 3 stand alone mini tensile machines at ABENA production facility in Aabenraa.&lt;/p&gt;

&lt;p&gt;BTE together with Hegewald &amp; Peschke GmbH have supplied a stand alone universal testing machine of the type inspekt mini 3 kN to the health care product manufacturer ABENA in Aabenraa.&lt;/p&gt;

&lt;p&gt;In order to be able to test the tear resistance of diapers accordingly, extensive accessories were provided, including wedge grips, as well as several jaws and a protractor. This is needed to perform the tensile tests at the correct angle and to be repeatable every time in a production environment, with multiple users. ABENA is a Danish family business founded in 1953. It mainly produces and sells health care products. &lt;/p&gt;

&lt;img src=&quot;images/csm_inspekt_abena.jpg&quot; alt=&quot;CSM Inspekt Device&quot; /&gt;

	</description>
    </item>
    <item>
      <title>BTE installs MP1200 Melt Flow Index at GM Plast.</title>
      <link>http://btequipment.dk//news/news-2.html</link>
      <pubDate>ti, 7 nov. 2017 00:00:00 +0100</pubDate>
      <guid isPermaLink="false">news/news-2.html</guid>
      	<description>
	&lt;img src=&quot;images/MP1200_method.jpg&quot; alt=&quot;MP1200 Melt Flow Index&quot; /&gt;
&lt;p id=&quot;news-2&quot;&gt;BTE installs MP1200 Melt Flow Index at GM Plast&lt;/p&gt;
&lt;p&gt;BTE has recently installed the latest Tinius Olsen Melt Flow Index MP1200,at GM Plast in Hedensted.&lt;/p&gt;
&lt;p&gt;The MP1200 compliments their pipe testing laboratory which also includes the Tinius Olsen 25kn Universal tensile and compression machine. GM Plast delivers a wide range of products such as cable pipe, FTTH pipe &amp; optical fiber pipe, mainly for the telecommunication- and electricity sectors as well as drainage, sewer and water pipe.&lt;/p&gt;



	</description>
    </item>
    <item>
      <title>BTE helps expand the plastics laboratory at Aage Vestergaard Larsen.</title>
      <link>http://btequipment.dk//news/news-3.html</link>
      <pubDate>ma, 6 nov. 2017 00:00:00 +0100</pubDate>
      <guid isPermaLink="false">news/news-3.html</guid>
      	<description>
	&lt;img src=&quot;images/MP1200_method_avl.jpg&quot; alt=&quot;MP1200&quot; /&gt;
&lt;p&gt;BTE has recently installed the latest Tinius Olsen Melt Flow Index MP1200, including the fully motorized weight loading system at Aage Vestergaard Larsen in Mariager. &lt;/p&gt;
&lt;p&gt;The MP1200 compliments their plastics testing laboratory which also includes the Tinius Olsen 10kn Universal tensile and compression machine. Aage Vestergaard Larsen A/S is Scandinavia’s largest plastic recycling company, specializing in regeneration, grinding, milling and compounding of plastic for both the common types of thermoplastic, PP, PE, PS and ABS, as well as the more technical types of plastic such as: PA, POM, PET, PBT.&lt;/p&gt;

	</description>
    </item>
    <item>
      <title>Two furniture test stands delivered to the Tecnical Research Institute of Sweden.</title>
      <link>http://btequipment.dk//news/news-4.html</link>
      <pubDate>sø, 5 nov. 2017 00:00:00 +0100</pubDate>
      <guid isPermaLink="false">news/news-4.html</guid>
      	<description>
	&lt;img src=&quot;images/furniture_test_stand.jpg&quot; alt=&quot;Furniture test stand&quot; /&gt;
&lt;p id=&quot;news-4&quot;&gt;BTE and Hegewald &amp; Peschke Mess- und Prüftechnik GmbH have installed a double test bench for side-to-side and armrest tests as well as a double-flexure test bench for seat-backrest and side-to-side or armrest testing to RICE Technical Research Institute of Sweden.&lt;/p&gt;

&lt;p&gt;While seat bench-backrest and armrest testing as a dual-flex change-over tester is primarily cost-effective and cost-effective for the customer and both tests can operate independently, such as stand-alone test stands, the double test bench has been designed for armrest or side-to-side testing. that also sofas and other upholstered furniture can be tested. For this purpose, the center column was shortened and the width increased, so that the two outer cylinders can be used for the armrests. In addition, here too two conventional chairs can be tested simultaneously and independently of each other.&lt;/p&gt;

&lt;p&gt;The change between armrest testing and side-to-side testing is extremely simple: the thrust pieces are replaced with the tried-and-tested terminal connection, the cylinders are adjusted to the required position and limited in their mobility or completely locked and the appropriate test templates are set - afterwards the test can start. &lt;br /&gt;
The test bench for the seat backrest test allows testing according to BIFMA X5.1 and the usual German standards - in particular according to EN 1335. Furthermore, it can be tested to BS 5459.&lt;/p&gt;

	</description>
    </item>
    <item>
      <title>1D Measurement Device.</title>
      <link>http://btequipment.dk//news/news-5.html</link>
      <pubDate>ti, 6 jun. 2017 00:00:00 +0200</pubDate>
      <guid isPermaLink="false">news/news-5.html</guid>
      	<description>
	
&lt;p id=&quot;news-5&quot;&gt;1D Length measurement device for tubes, profiles, Belts, Cords, bars etc. from 950mm – 4000mm.&lt;/p&gt;

&lt;p&gt;Hegewald &amp; Peschke Meß- und Prüftechnik GmbH designs and manufactures length measurement devices and equipment to the orders of our customers. Customized solutions are highly economic particularly for simple, close-to-production problems in the workshop and manufacturing range, since operation and functionality can be focused on the essentials.&lt;/p&gt;

&lt;img src=&quot;images/news-md1.jpg&quot; alt=&quot;1D Measurement Device&quot; /&gt;
&lt;p style=&quot;color:#000&quot;&gt;&lt;a target=&quot;_blank&quot; href=&quot;http://www.hegewald-peschke.com/products/length-measurement-technology/measurement-equipment.html&quot;&gt;More about 1D Measurement Device&lt;/a&gt;
&lt;/p&gt;

	</description>
    </item>
    <item>
      <title>Exova Metech A/S expands calibration laboratory by calibration machine INSPEKT 600KN.</title>
      <link>http://btequipment.dk//news/news-6.html</link>
      <pubDate>on, 25 jan. 2017 00:00:00 +0100</pubDate>
      <guid isPermaLink="false">news/news-6.html</guid>
      	<description>
	&lt;img src=&quot;images/20170125.jpg&quot; alt=&quot;INSPEKT 600KN&quot; /&gt;
&lt;p id=&quot;news-6&quot;&gt;Exova Metech A/S expands calibration laboratory by calibration machine INSPEKT 600KN&lt;/p&gt;
&lt;p&gt;BTE expands the High Force part of its business to include the Exova Metech group. Exova Metech offers their customers worldwide calibration and measuring technology services. 
Depending on customer requirements the well-equipped calibration laboratories of the enterprise group carry out calibrations according to ISO / IEC 17025 or corresponding to customised quality specifications.&lt;/p&gt;

&lt;p&gt;In order to satisfy the growing inquiry for calibration services, the lab of the Exova Metech A/S with headquarter in Lem, Denmark, was expanded by a calibration machine Inspekt 600kN. 
The machine is equipped with 3 reference load cells for different load areas (600kN, 100kN, 20kN). This ensures the achievement of the necessary accuracy in any case. 
A separate control and measuring circuit guarantees high precision, measuring accuracy and traceability.&lt;/p&gt;

&lt;p&gt;The calibration machine is based on the construction of the universal testing machine series Inspekt. 
For the application of these universal testing machines as calibration machines the Hegewald &amp; Peschke MPT GmbH has developed and delivered together with BTE the &quot;calibration module&quot; in its in-house material testing software LabMaster. 
The functional extent can be used for the inspection of the load measuring equipment of the machine used with LabMaster as well as for the examination of external load measuring instruments.&lt;/p&gt;

&lt;p&gt;In the present case the machine is used as a calibration machine and the internal load cell is only used for the regulation of the machine. 
The real reference is, in any case, an external load cell with accompanying measuring amplifier.&lt;/p&gt;
&lt;p&gt;The measuring amplifier is also integrated into LabMaster, so that the calibration module allows a holistic test procedure as well as the representation and logging of all measuring parameters.&lt;/p&gt;

	</description>
    </item>
    <item>
      <title>New PLC-based furniture and component testing system &quot;CALMAR I&quot;.</title>
      <link>http://btequipment.dk//news/news-7.html</link>
      <pubDate>ma, 30 mar. 2015 00:00:00 +0200</pubDate>
      <guid isPermaLink="false">news/news-7.html</guid>
      	<description>
	&lt;img src=&quot;images/news-1.jpg&quot; alt=&quot;CALMAR I&quot; /&gt;
&lt;p id=&quot;news-7&quot;&gt;Hegewald &amp; Peschke developed the new control system Calmar I for furniture and furniture component testing in accordance to various national and international standards. The test rigs equipped with this system are mainly used for production-accompanying tests.&lt;/p&gt;
&lt;p&gt;This new Calmar I control system offers the following advantages:
	&lt;ul class=&quot;style2&quot;&gt;
		&lt;li&gt;easy handling via a modern touch panel&lt;/li&gt;
		&lt;li&gt;quick loading of preconfigured, standard-based and customer-specific test methods&lt;/li&gt;
		&lt;li&gt;freely configurable testing procedures&lt;/li&gt;
		&lt;li&gt;online visualisation of the tests&lt;/li&gt;
		&lt;li&gt;variety of preconfigured control parameters for outstanding precision and control quality&lt;/li&gt;
		&lt;li&gt;control or regulating concept available&lt;/li&gt;
		&lt;li&gt;optional high-precision force and path control&lt;/li&gt;
		&lt;li&gt; data collection and export opportunity (*.csv) on a PC&lt;/li&gt;
		&lt;li&gt;easy log printing of the test results&lt;/li&gt;
	 &lt;/ul&gt;
 &lt;/p&gt;
&lt;p&gt;In March, BTE &amp; Hegewald &amp; Peschke MPT GmbH delivered a double alternating bending test rig and a tilting test rig equipped with the new programmable logic control to the Norwegian company Scandinavian Business Seating AS. In the production plant in Røros, these rigs are used to test office seating furniture. Likewise, TÜV SÜD in Hamburg commissioned a seat/backrest alternating bending test rig and a test rig for arm rest testing equipped with the new Calmar I technology. By means of these test rigs, seat, backrest, arm rest tests and side-to-side tests are carried out in accordance with the standards EN 1335 and BS 5459.&lt;/p&gt;

	</description>
    </item>
    <item>
      <title>BTE installs a high force universal testing machine at the Esbjerg site of Nordisk Svejse Kontrol.</title>
      <link>http://btequipment.dk//news/news-8.html</link>
      <pubDate>sø, 29 mar. 2015 00:00:00 +0100</pubDate>
      <guid isPermaLink="false">news/news-8.html</guid>
      	<description>
	&lt;img src=&quot;images/news-2.jpg&quot; alt=&quot;Universal testing machine 600 kN for tensile, compression and bending tests on welded joints&quot; /&gt;
&lt;p id=&quot;news-8&quot;&gt;In the course of expanding its high force universal tensile machine business, BTE have recently installed a universal testing machine 600 kN for tensile, compression and bending tests at the new location of NSK in Esbjerg, Denmark.&lt;/p&gt;
&lt;p&gt;The universal testing machine will be used to evaluate quality testing of metallic materials and components processed through welding.&lt;/p&gt;
&lt;p&gt;Nordisk Svejse Kontrol (NSK) is currently one of the leading Danish suppliers for non-destructive and destructive testing or examination and welding technology.&lt;/p&gt;

	</description>
    </item>
    <item>
      <title>Airless professional line – The new generation of hydrostatic pressure test equipment.</title>
      <link>http://btequipment.dk//news/news-9.html</link>
      <pubDate>lø, 28 mar. 2015 00:00:00 +0100</pubDate>
      <guid isPermaLink="false">news/news-9.html</guid>
      	<description>
	&lt;video id=&quot;news-9&quot; width=&quot;555&quot; height=&quot;313&quot; controls preload=&quot;none&quot;&gt;
  &lt;source src=&quot;http://www.iptnet.de/fileadmin/video/IPT_Airless_ProfessionalLine_small.mp4&quot; type=&apos;video/mp4&apos; /&gt;
  &lt;source src=&quot;http://www.iptnet.de/fileadmin/video/IPT_Airless_ProfessionalLine_small.webm&quot; type=&apos;video/webm&apos; /&gt;
  &lt;source src=&quot;http://www.iptnet.de/fileadmin/video/IPT_Airless_ProfessionalLine_small.ogg&quot; type=&apos;video/ogg&apos; /&gt;
&lt;/video&gt;

&lt;p&gt;The 1720 ProfessionalLine model is the most innovative development in state-of-the-art internal pressure creep testers. 
Its compact design, flexibility and precision remain unparalleled.&lt;/p&gt;
&lt;p&gt;Keeping a finger on the pulse: The maxim for the new development was to attain maximum accuracy, 
a long service life and a user- and service-friendly system, combined with flexibility and the precondition to be able to expand the system with additional modules.&lt;/p&gt;
&lt;p&gt;High-precision pressure regulation. Selectively regulated input pressure in each individual module ensures reduced wear to the solenoid valves.&lt;/p&gt;
&lt;p&gt;Optimised material selection. All metal components that come in contact with the medium can optionally be manufactured out of high quality stainless steel, 
entirely free of copper ions. In addition to preventing corrosion, the materials also ensure that the test results will be reliable. Standard units are supplied in brass.&lt;/p&gt;
&lt;p&gt;Quick system calibration: The  integrated  needle  valves enable a direct link to be established to the optional master gauge even while testing is underway.&lt;/p&gt;
&lt;p&gt;Room to grow: The modular structure and the technical requirement for test pressures, optionally up to maximum 600 bar leave room for further expansion.&lt;/p&gt;

&lt;p&gt;According to following standards:&lt;/p&gt;
&lt;ul class=&quot;style2&quot;&gt;
	&lt;li&gt;ISO 1167&lt;/li&gt;
	&lt;li&gt;ASTM D 1598&lt;/li&gt;
	&lt;li&gt;ASTM D 1599&lt;/li&gt;
&lt;/ul&gt;

	</description>
    </item>
    <item>
      <title>BTE installs a new Airless Professional Line Hydrostatic pressure testing system at LK PEX in Ulricehamn, Sweden.</title>
      <link>http://btequipment.dk//news/news-10.html</link>
      <pubDate>fr, 27 mar. 2015 00:00:00 +0100</pubDate>
      <guid isPermaLink="false">news/news-10.html</guid>
      	<description>
	&lt;img src=&quot;images/news-4.jpg&quot; alt=&quot;&quot; /&gt;
&lt;p id=&quot;news-10&quot;&gt;BTE installs a new Airless ProfessionalLine Hydrostatic pressure testing system at LK PEX in Ulricehamn, Sweden. 
LK Pex operates high-technology manufacturing of PE-Xa pipes using manufacturing technology developed by the company itself. 
The flexible PE-Xa pipes are mainly sold to the Heating, Ventilation and Sanitation-industry in Europe, the USA and Middle East.&lt;/p&gt;

&lt;p&gt;&lt;i&gt;“Ensuring the quality and performance of our pipes is a key concern for LK Pex and pressure testing is one of the most important, as well as time-consuming, factors. 
Increased reliability and efficiency of the pressure testing is a thus a priority for us. We trust in the system from IPT to assist us in this work”. 
– Åsa Linder, Development &amp; Product Manager, LK Pex”&lt;/i&gt;&lt;/p&gt;

	</description>
    </item>
    <item>
      <title>BTE installs temperature cycling unit at Uponor in Virsbo, Sweden.</title>
      <link>http://btequipment.dk//news/news-11.html</link>
      <pubDate>fr, 27 mar. 2015 00:00:00 +0100</pubDate>
      <guid isPermaLink="false">news/news-11.html</guid>
      	<description>
	&lt;img src=&quot;images/temp_cycling_unit.jpg&quot; alt=&quot;&quot; /&gt;
&lt;p id=&quot;news-11&quot;&gt;BTE has recently installed a temperature cycling unit at Uponor in Virsbo,  Sweden. The temperature cycling test for pipe systems places the test systems under extremely tough conditions and requires quality, high performance components in order to ensure long-lasting reliability. IPT benefits from decades of experience in this particular field and has consistently further developed this technology to produce a complete series of products capable of meeting the most varied of requirements. Systems designed for different capacities are available depending on the number, diameter and physical parameters of the pipe systems to be tested.&lt;/p&gt;

&lt;p&gt;In order to also satisfy future test requirements, IPT has invested in further development of the technology for temperature cycling testing. With significantly increased flow rates, the new generation of test systems can now also be used to subject large pipes and fittings to temperature cycling tests, in line with the applicable standards.The proven IPT technology for temperature cycling tests is available for pipes with an outside diameter of up to 160 mm.&lt;/p&gt;

&lt;p&gt;The new IPT models, 1769 and 1770, comply with a wide range of standards. The required cooling can be carried out using cooling units or the customer&apos;s in-house cooling system.&lt;br /&gt;
&lt;b&gt;Tester supply unit model 1769 (with pressure tank): &lt;/b&gt;&lt;br /&gt;
This tester is suitable for high test temperatures up to 114 °C (in line with BS 7291) and is fitted with pressure tanks. A compressor unit supplying compressed air is required for operation. The testers are subject to regulations regarding pressure vessels. The maximum test pressure is 16 bar and the maximum total cross-section for the samples is 8000 mm².&lt;br /&gt;
&lt;b&gt;Tester supply unit model 1770 (without pressure tank):&lt;/b&gt;&lt;br /&gt;
This tester is suitable for test temperatures up to 95 °C and is fitted with unpressurised tanks. The testers are not subject to regulations regarding pressure vessels. The max. test pressure is 16 bar and the maximum total cross-section (depending on the flow rate inside the samples) is 8000 mm².&lt;/p&gt;

	</description>
    </item>

  </channel> 
</rss>
